{
  "huge_teleport": {
    "category": "player",
    "sounds": [
      "huge_teleport"
    ]
  },
  "solarlaser_loop": {
    "category": "player",
    "sounds": [
      "solarlaser_loop"
    ]
  },
  "solarlaser_start": {
    "category": "player",
    "sounds": [
      "solarlaser_start"
    ]
  },
  "laser": {
    "category": "player",
    "sounds": [
      "laser"
    ]
  },
  "deathray_start": {
    "category": "player",
    "sounds": [
      "deathray_start"
    ]
  },
  "deathray_loop": {
    "category": "player",
    "sounds": [
      "deathray_loop"
    ]
  },
  "deathray_end": {
    "category": "player",
    "sounds": [
      "deathray_end"
    ]
  },
  "nebula_blast": {
    "category": "player",
    "sounds": [
      "nebula_blast"
    ]
  },
  "energy_shot": {
    "category": "player",
    "sounds": [
      "energy_shot"
    ]
  },
  "power_aim_start": {
    "category": "player",
    "sounds": [
      "power_aim_start"
    ]
  },
  "power_aim_end": {
    "category": "player",
    "sounds": [
      "power_aim_end"
    ]
  }
}
